{"nodes":{"node:1":{"location":{"x":24,"y":4}},"node:5":{"location":{"x":616,"y":2}}},"selection":["node:1"],"view":{"scroll":{"x":-89.1262893676757812,"y":-0.00111880199983716011},"visible_rect":{"max":{"x":1684.4306640625,"y":782.001220703125},"min":{"x":-100.427925109863281,"y":-0.0012606714153662324}},"zoom":0.887465238571166992}}