{"nodes":{"node:1":{"location":{"x":-72,"y":-168}},"node:5":{"location":{"x":591,"y":-158}}},"selection":null,"view":{"scroll":{"x":-143.256378173828125,"y":-173.9808349609375},"visible_rect":{"max":{"x":1498.0279541015625,"y":729.93157958984375},"min":{"x":-148.952285766601562,"y":-180.898345947265625}},"zoom":0.961760163307189941}}