{"nodes":{"node:1":{"location":{"x":24,"y":4}},"node:5":{"location":{"x":616,"y":2}}},"selection":["node:1"],"view":{"scroll":{"x":-17.2175807952880859,"y":-0.000298541213851422071},"visible_rect":{"max":{"x":1601.6016845703125,"y":782.00054931640625},"min":{"x":-17.6002140045166016,"y":-0.000305175810353830457}},"zoom":0.978259801864624023}}