{"nodes":{"node:1":{"location":{"x":-40,"y":1}}},"selection":null,"view":{"scroll":{"x":-41.6933403015136719,"y":-6.5831756591796875},"visible_rect":{"max":{"x":1648.7154541015625,"y":929.4007568359375},"min":{"x":-44.5699043273925781,"y":-7.03737068176269531}},"zoom":0.935459554195404053}}