{"nodes":{"node:1":{"location":{"x":0,"y":0}},"node:10":{"location":{"x":1152,"y":0}},"node:3":{"location":{"x":-8,"y":155}},"node:5":{"location":{"x":320,"y":0}},"node:6":{"location":{"x":318,"y":497}},"node:8":{"location":{"x":0,"y":608}},"node:9":{"location":{"x":0,"y":448}}},"selection":null,"view":{"scroll":{"x":-140.290969848632812,"y":-45.6384468078613281},"visible_rect":{"max":{"x":1998.1103515625,"y":1020.6917724609375},"min":{"x":-209.237106323242188,"y":-68.0675048828125}},"zoom":0.67048799991607666}}