{"nodes":{"node:1":{"location":{"x":-8,"y":-19}},"node:10":{"location":{"x":1392,"y":32}},"node:3":{"location":{"x":-8,"y":187}},"node:5":{"location":{"x":320,"y":-16}},"node:6":{"location":{"x":318,"y":497}},"node:8":{"location":{"x":0,"y":560}},"node:9":{"location":{"x":0,"y":400}}},"selection":["node:1"],"view":{"scroll":{"x":-209.226699829101562,"y":-26.9153728485107422},"visible_rect":{"max":{"x":1849.00341796875,"y":1018.63873291015625},"min":{"x":-304.42950439453125,"y":-39.1624641418457031}},"zoom":0.687274754047393799}}