{"nodes":{"node:1":{"location":{"x":-8,"y":-19}},"node:10":{"location":{"x":1408,"y":144}},"node:3":{"location":{"x":-8,"y":187}},"node:5":{"location":{"x":320,"y":32}},"node:6":{"location":{"x":306,"y":513}},"node:8":{"location":{"x":0,"y":560}},"node:9":{"location":{"x":0,"y":400}}},"selection":["node:10"],"view":{"scroll":{"x":-188.009475708007812,"y":-21.6047496795654297},"visible_rect":{"max":{"x":1854.2681884765625,"y":1055.180419921875},"min":{"x":-249.7294921875,"y":-28.6971874237060547}},"zoom":0.752852499485015869}}