{"nodes":{"node:1":{"location":{"x":0,"y":0}},"node:4":{"location":{"x":432,"y":-16}},"node:5":{"location":{"x":1280,"y":0}}},"selection":null,"view":{"scroll":{"x":-101.844192504882812,"y":-65.0002899169921875},"visible_rect":{"max":{"x":1743.8272705078125,"y":836.52520751953125},"min":{"x":-119.824569702148438,"y":-76.4759521484375}},"zoom":0.849944174289703369}}