{"nodes":{"node:1":{"location":{"x":0,"y":0}},"node:10":{"location":{"x":497,"y":184}},"node:4":{"location":{"x":282,"y":0}},"node:7":{"location":{"x":493,"y":0}}},"selection":null,"view":{"scroll":{"x":-369.5140380859375,"y":-23.6989059448242188},"visible_rect":{"max":{"x":1056.07568359375,"y":753.28057861328125},"min":{"x":-433.3602294921875,"y":-27.7937030792236328}},"zoom":0.852671802043914795}}