{"nodes":{"node:1":{"location":{"x":0,"y":0}},"node:10":{"location":{"x":497,"y":184}},"node:4":{"location":{"x":282,"y":0}},"node:7":{"location":{"x":493,"y":0}}},"selection":null,"view":{"scroll":{"x":-369.514007568359375,"y":-23.6989154815673828},"visible_rect":{"max":{"x":1056.0758056640625,"y":753.2806396484375},"min":{"x":-433.3602294921875,"y":-27.7937164306640625}},"zoom":0.852671682834625244}}