{"nodes":{"node:1":{"location":{"x":0,"y":0}},"node:10":{"location":{"x":497,"y":184}},"node:4":{"location":{"x":282,"y":0}},"node:7":{"location":{"x":493,"y":0}}},"selection":null,"view":{"scroll":{"x":-369.51397705078125,"y":-23.6988677978515625},"visible_rect":{"max":{"x":1056.0758056640625,"y":753.2806396484375},"min":{"x":-433.36016845703125,"y":-27.7936573028564453}},"zoom":0.85267174243927002}}
