{"nodes":{"node:1":{"location":{"x":338,"y":-225}}},"selection":["node:1"],"view":{"scroll":{"x":-97.6065902709960938,"y":-192.541183471679688},"visible_rect":{"max":{"x":1663.59521484375,"y":764.93798828125},"min":{"x":-109.242851257324219,"y":-215.495162963867188}},"zoom":0.893482625484466553}}
