{"nodes":{"node:1":{"location":{"x":216,"y":-264}}},"selection":["node:1"],"view":{"scroll":{"x":-323.472930908203125,"y":-229.245834350585938},"visible_rect":{"max":{"x":1756.5880126953125,"y":901.27423095703125},"min":{"x":-450.77069091796875,"y":-319.46197509765625}},"zoom":0.717599749565124512}}