{"nodes":{"node:1":{"location":{"x":-8,"y":115}}},"selection":null,"view":{"scroll":{"x":-127.021018981933594,"y":39.4999771118164062},"visible_rect":{"max":{"x":1732.67822265625,"y":925.81292724609375},"min":{"x":-151.056777954101562,"y":46.97442626953125}},"zoom":0.840882599353790283}}