{"nodes":{"node:1":{"location":{"x":216,"y":-264}}},"selection":["node:1"],"view":{"scroll":{"x":-323.472808837890625,"y":-229.245834350585938},"visible_rect":{"max":{"x":1756.5880126953125,"y":901.274169921875},"min":{"x":-450.7705078125,"y":-319.46197509765625}},"zoom":0.717599809169769287}}