{"nodes":{"node:1":{"location":{"x":-248,"y":-168}},"node:4":{"location":{"x":186,"y":-5}},"node:7":{"location":{"x":491,"y":-8}}},"selection":null,"view":{"scroll":{"x":-378.714263916015625,"y":-235.648681640625},"visible_rect":{"max":{"x":1007.40283203125,"y":420.711456298828125},"min":{"x":-316.5372314453125,"y":-196.960052490234375}},"zoom":1.19642877578735352}}
