{"nodes":{"node:1":{"location":{"x":22,"y":-92}},"node:3":{"location":{"x":520,"y":-82}},"node:7":{"location":{"x":1128,"y":-72}}},"selection":null,"view":{"scroll":{"x":-111.372276306152344,"y":-90.4107666015625},"visible_rect":{"max":{"x":1800.25048828125,"y":791.66162109375},"min":{"x":-136.149810791015625,"y":-110.524894714355469}},"zoom":0.818012654781341553}}