{"nodes":{"node:1":{"location":{"x":568,"y":66}}},"selection":["node:1"],"view":{"scroll":{"x":-38.0440864562988281,"y":0.26352044939994812},"visible_rect":{"max":{"x":1906.5059814453125,"y":790.52593994140625},"min":{"x":-66.0602798461914062,"y":0.457580596208572388}},"zoom":0.57589954137802124}}