{"nodes":{"node:1":{"location":{"x":0,"y":0}},"node:3":{"location":{"x":424,"y":-143}},"node:7":{"location":{"x":938,"y":0}}},"selection":null,"view":{"scroll":{"x":-111.373725891113281,"y":-90.4107666015625},"visible_rect":{"max":{"x":1800.2486572265625,"y":791.66162109375},"min":{"x":-136.151580810546875,"y":-110.524894714355469}},"zoom":0.818012654781341553}}