{"nodes":{"node:1":{"location":{"x":-24,"y":-24}},"node:10":{"location":{"x":1304,"y":-24}},"node:4":{"location":{"x":248,"y":-37}},"node:7":{"location":{"x":1000,"y":-37}}},"selection":null,"view":{"scroll":{"x":-75.3228302001953125,"y":-50.8515663146972656},"visible_rect":{"max":{"x":1825.501220703125,"y":884.69049072265625},"min":{"x":-91.140716552734375,"y":-61.53045654296875}},"zoom":0.826445460319519043}}