{"nodes":{"node:1":{"location":{"x":0,"y":0}},"node:10":{"location":{"x":487,"y":527}},"node:4":{"location":{"x":487,"y":0}},"node:7":{"location":{"x":0,"y":527}}},"selection":null,"view":{"scroll":{"x":-125.473831176757812,"y":-58.0358428955078125},"visible_rect":{"max":{"x":1635.2559814453125,"y":811.68701171875},"min":{"x":-140.677520751953125,"y":-65.06805419921875}},"zoom":0.891925275325775146}}