{"nodes":{"node:1":{"location":{"x":35,"y":38}},"node:14":{"location":{"x":920,"y":111}},"node:5":{"location":{"x":488,"y":50}}},"selection":null,"view":{"scroll":{"x":-89.1275634765625,"y":-0.00059583224356174469},"visible_rect":{"max":{"x":1684.4296875,"y":782.001953125},"min":{"x":-100.42938232421875,"y":-0.00067138671875}},"zoom":0.887465059757232666}}