{"nodes":{"node:1":{"location":{"x":-328,"y":31}},"node:12":{"location":{"x":-328,"y":616}},"node:15":{"location":{"x":1000,"y":63}},"node:22":{"location":{"x":0,"y":0}},"node:24":{"location":{"x":0,"y":0}},"node:6":{"location":{"x":264,"y":35}}},"selection":null,"view":{"scroll":{"x":-254.030532836914062,"y":10.2365627288818359},"visible_rect":{"max":{"x":2061.821044921875,"y":1161.524169921875},"min":{"x":-393.817657470703125,"y":15.8695068359375}},"zoom":0.645046055316925049}}
