{"nodes":{"node:1":{"location":{"x":0,"y":0}},"node:12":{"location":{"x":976,"y":-5}},"node:15":{"location":{"x":1482,"y":-35}},"node:22":{"location":{"x":-40,"y":-149}},"node:24":{"location":{"x":280,"y":-245}},"node:6":{"location":{"x":520,"y":-3}}},"selection":null,"view":{"scroll":{"x":-55.9376220703125,"y":-256.4088134765625},"visible_rect":{"max":{"x":2226.02294921875,"y":819.56134033203125},"min":{"x":-81.48779296875,"y":-373.526580810546875}},"zoom":0.68645399808883667}}