{"nodes":{"node:1":{"location":{"x":0,"y":0}},"node:12":{"location":{"x":0,"y":761}},"node:15":{"location":{"x":746,"y":761}},"node:22":{"location":{"x":0,"y":1547}},"node:24":{"location":{"x":227,"y":1547}},"node:6":{"location":{"x":746,"y":0}}},"selection":["node:1"],"view":{"scroll":{"x":-258.632598876953125,"y":-134.508163452148438},"visible_rect":{"max":{"x":2509.9638671875,"y":1226.211669921875},"min":{"x":-489.79510498046875,"y":-254.729827880859375}},"zoom":0.528042435646057129}}