{"nodes":{"node:1":{"location":{"x":24,"y":16}},"node:12":{"location":{"x":392,"y":248}},"node:16":{"location":{"x":-360,"y":43}},"node:22":{"location":{"x":-760,"y":54}},"node:7":{"location":{"x":391,"y":65}},"node:9":{"location":{"x":615,"y":65}}},"selection":null,"view":{"scroll":{"x":-597.60089111328125,"y":19.9402999877929688},"visible_rect":{"max":{"x":855.5582275390625,"y":726.2271728515625},"min":{"x":-458.796417236328125,"y":15.3087759017944336}},"zoom":1.30254042148590088}}