{"nodes":{"node:1":{"location":{"x":24,"y":16}},"node:12":{"location":{"x":392,"y":270}},"node:16":{"location":{"x":1250,"y":18}},"node:22":{"location":{"x":840,"y":22}},"node:7":{"location":{"x":391,"y":65}},"node:9":{"location":{"x":615,"y":65}}},"selection":["node:1"],"view":{"scroll":{"x":-32.8520011901855469,"y":-10.4559173583984375},"visible_rect":{"max":{"x":1658.1669921875,"y":824.77557373046875},"min":{"x":-35.1185722351074219,"y":-11.17730712890625}},"zoom":0.935459434986114502}}