{"nodes":{"node:1":{"location":{"x":24,"y":16}},"node:12":{"location":{"x":392,"y":248}},"node:16":{"location":{"x":-360,"y":43}},"node:22":{"location":{"x":-760,"y":54}},"node:7":{"location":{"x":391,"y":65}},"node:9":{"location":{"x":615,"y":65}}},"selection":null,"view":{"scroll":{"x":-720.6041259765625,"y":-20.2476329803466797},"visible_rect":{"max":{"x":1052.4256591796875,"y":1000.78765869140625},"min":{"x":-764.964111328125,"y":-21.4940662384033203}},"zoom":0.942010343074798584}}