{"nodes":{"node:1":{"location":{"x":-120,"y":-81}},"node:10":{"location":{"x":1320,"y":-149}},"node:13":{"location":{"x":-72,"y":322}},"node:17":{"location":{"x":360,"y":315}},"node:21":{"location":{"x":782,"y":299}},"node:24":{"location":{"x":1237,"y":298}},"node:4":{"location":{"x":360,"y":-101}},"node:7":{"location":{"x":838,"y":-117}}},"selection":null,"view":{"scroll":{"x":-150.476852416992188,"y":-172.791122436523438},"visible_rect":{"max":{"x":1939.1793212890625,"y":941.07098388671875},"min":{"x":-219.4783935546875,"y":-252.024917602539062}},"zoom":0.685611248016357422}}