{"nodes":{"node:1":{"location":{"x":-88,"y":-101}},"node:10":{"location":{"x":1080,"y":-113}},"node:13":{"location":{"x":-72,"y":290}},"node:17":{"location":{"x":360,"y":290}},"node:21":{"location":{"x":776,"y":299}},"node:24":{"location":{"x":1197,"y":299}},"node:4":{"location":{"x":360,"y":-101}},"node:7":{"location":{"x":728,"y":-101}}},"selection":["node:24"],"view":{"scroll":{"x":-88.1947250366210938,"y":-174.500656127929688},"visible_rect":{"max":{"x":1827.4501953125,"y":902.2369384765625},"min":{"x":-107.74896240234375,"y":-213.190353393554688}},"zoom":0.818520426750183105}}