{"nodes":{"node:1":{"location":{"x":0,"y":0}},"node:10":{"location":{"x":1338,"y":-82}},"node:13":{"location":{"x":-24,"y":273}},"node:17":{"location":{"x":341,"y":289}},"node:20":{"location":{"x":741,"y":289}},"node:24":{"location":{"x":1112,"y":299}},"node:27":{"location":{"x":1480,"y":299}},"node:4":{"location":{"x":425,"y":0}},"node:7":{"location":{"x":801,"y":0}}},"selection":null,"view":{"scroll":{"x":-27.7077999114990234,"y":-92.1500396728515625},"visible_rect":{"max":{"x":1875.7542724609375,"y":831.45635986328125},"min":{"x":-33.395416259765625,"y":-111.0657958984375}},"zoom":0.829688727855682373}}