{"nodes":{"node:1":{"location":{"x":0,"y":0}},"node:10":{"location":{"x":1183,"y":-79}},"node:13":{"location":{"x":-56,"y":273}},"node:17":{"location":{"x":344,"y":289}},"node:20":{"location":{"x":754,"y":280}},"node:24":{"location":{"x":1170,"y":283}},"node:27":{"location":{"x":1576,"y":283}},"node:4":{"location":{"x":425,"y":0}},"node:7":{"location":{"x":776,"y":1}}},"selection":null,"view":{"scroll":{"x":-86.1261978149414062,"y":-116.255287170410156},"visible_rect":{"max":{"x":2043.4827880859375,"y":908.2459716796875},"min":{"x":-117.498153686523438,"y":-158.6019287109375}},"zoom":0.733000457286834717}}