{"nodes":{"node:1":{"location":{"x":0,"y":0}},"node:10":{"location":{"x":1349,"y":-63}},"node:13":{"location":{"x":-8,"y":273}},"node:17":{"location":{"x":328,"y":289}},"node:20":{"location":{"x":680,"y":289}},"node:24":{"location":{"x":1008,"y":299}},"node:27":{"location":{"x":1368,"y":299}},"node:4":{"location":{"x":425,"y":0}},"node:7":{"location":{"x":801,"y":0}}},"selection":["node:24"],"view":{"scroll":{"x":-27.707672119140625,"y":-92.1500396728515625},"visible_rect":{"max":{"x":1875.75439453125,"y":831.45635986328125},"min":{"x":-33.3952598571777344,"y":-111.0657958984375}},"zoom":0.829688727855682373}}