{"nodes":{"node:1":{"location":{"x":-88,"y":-101}},"node:10":{"location":{"x":1080,"y":-113}},"node:13":{"location":{"x":-72,"y":290}},"node:17":{"location":{"x":360,"y":290}},"node:21":{"location":{"x":776,"y":299}},"node:24":{"location":{"x":1197,"y":299}},"node:4":{"location":{"x":360,"y":-101}},"node:7":{"location":{"x":728,"y":-101}}},"selection":["node:24"],"view":{"scroll":{"x":2062.028564453125,"y":582.63177490234375},"visible_rect":{"max":{"x":1775.0628662109375,"y":709.56439208984375},"min":{"x":969.84698486328125,"y":274.03289794921875}},"zoom":2.12613797187805176}}