{"nodes":{"node:1":{"location":{"x":-56,"y":-40}},"node:10":{"location":{"x":1464,"y":-8}},"node:13":{"location":{"x":-24,"y":351}},"node:17":{"location":{"x":296,"y":363}},"node:20":{"location":{"x":646,"y":370}},"node:24":{"location":{"x":1069,"y":379}},"node:27":{"location":{"x":1400,"y":379}},"node:4":{"location":{"x":602,"y":-37}},"node:7":{"location":{"x":1048,"y":-8}}},"selection":null,"view":{"scroll":{"x":-126.402107238769531,"y":-71.535736083984375},"visible_rect":{"max":{"x":1860.193115234375,"y":906.69769287109375},"min":{"x":-161.31494140625,"y":-91.2942352294921875}},"zoom":0.783573448657989502}}