{"nodes":{"node:1":{"location":{"x":183,"y":232}}},"selection":null,"view":{"scroll":{"x":159.447708129882812,"y":486.7103271484375},"visible_rect":{"max":{"x":667.82928466796875,"y":529.02984619140625},"min":{"x":64.9510498046875,"y":198.261520385742188}},"zoom":2.45489048957824707}}