{"nodes":{"node:1":{"location":{"x":152,"y":267}}},"selection":["node:1"],"view":{"scroll":{"x":-404.7313232421875,"y":23.1648349761962891},"visible_rect":{"max":{"x":1136.09423828125,"y":882.40826416015625},"min":{"x":-427.626068115234375,"y":24.4752178192138672}},"zoom":0.9464607834815979}}