{"nodes":{"node:1":{"location":{"x":509,"y":191}}},"selection":null,"view":{"scroll":{"x":574.36767578125,"y":215.859481811523438},"visible_rect":{"max":{"x":1170.7440185546875,"y":589.17633056640625},"min":{"x":327.3209228515625,"y":123.014106750488281}},"zoom":1.75475394725799561}}