{"nodes":{"node:1":{"location":{"x":-40,"y":-5}},"node:4":{"location":{"x":360,"y":5}}},"selection":null,"view":{"scroll":{"x":-175.965423583984375,"y":-61.7568893432617188},"visible_rect":{"max":{"x":1163.103759765625,"y":674.513671875},"min":{"x":-156.948318481445312,"y":-55.0826416015625}},"zoom":1.12116789817810059}}