{"nodes":{"node:1":{"location":{"x":-24,"y":305}},"node:4":{"location":{"x":699,"y":-19}}},"selection":["node:1"],"view":{"scroll":{"x":-108.121505737304688,"y":-43.4729957580566406},"visible_rect":{"max":{"x":1425.1934814453125,"y":804.627197265625},"min":{"x":-112.323402404785156,"y":-45.1624755859375}},"zoom":0.962591111660003662}}