{"nodes":{"node:1":{"location":{"x":0,"y":0}},"node:4":{"location":{"x":600,"y":22}}},"selection":null,"view":{"scroll":{"x":6.6756765590980649e-06,"y":0},"visible_rect":{"max":{"x":1480.0003662109375,"y":818.00018310546875},"min":{"x":6.67567792334011756e-06,"y":0}},"zoom":0.999999761581420898}}