{"nodes":{"node:1":{"location":{"x":-88,"y":91}},"node:4":{"location":{"x":475,"y":91}}},"selection":["node:4"],"view":{"scroll":{"x":-225.073455810546875,"y":4.46182632446289062},"visible_rect":{"max":{"x":1406.2066650390625,"y":823.00048828125},"min":{"x":-252.205825805664062,"y":4.99969482421875}},"zoom":0.892419695854187012}}