{"nodes":{"node:1":{"location":{"x":-72,"y":-168}},"node:5":{"location":{"x":591,"y":-158}}},"selection":null,"view":{"scroll":{"x":-143.256362915039062,"y":-173.98095703125},"visible_rect":{"max":{"x":1498.0279541015625,"y":729.93145751953125},"min":{"x":-148.9522705078125,"y":-180.898483276367188}},"zoom":0.961760163307189941}}