{"nodes":{"node:1":{"location":{"x":0,"y":0}},"node:10":{"location":{"x":0,"y":477}},"node:13":{"location":{"x":481,"y":477}},"node:16":{"location":{"x":962,"y":477}},"node:19":{"location":{"x":0,"y":954}},"node:22":{"location":{"x":481,"y":954}},"node:23":{"location":{"x":-352,"y":16}},"node:4":{"location":{"x":481,"y":0}},"node:7":{"location":{"x":962,"y":0}}},"selection":null,"view":{"scroll":{"x":-347.65606689453125,"y":-30.5086116790771484},"visible_rect":{"max":{"x":2169.486328125,"y":1318.6866455078125},"min":{"x":-610.05279541015625,"y":-53.5352783203125}},"zoom":0.569878637790679932}}