{"nodes":{"node:1":{"location":{"x":28,"y":-37}},"node:10":{"location":{"x":26,"y":516}},"node:13":{"location":{"x":522,"y":513}},"node:16":{"location":{"x":1016,"y":513}},"node:19":{"location":{"x":1512,"y":513}},"node:22":{"location":{"x":-240,"y":-32}},"node:23":{"location":{"x":-240,"y":128}},"node:4":{"location":{"x":680,"y":-31}},"node:7":{"location":{"x":1224,"y":-28}}},"selection":null,"view":{"scroll":{"x":-214.430908203125,"y":-53.8246536254882812},"visible_rect":{"max":{"x":2026.2144775390625,"y":1216.37060546875},"min":{"x":-317.24066162109375,"y":-79.631103515625}},"zoom":0.675925016403198242}}