{"nodes":{"node:1":{"location":{"x":-424,"y":0}},"node:10":{"location":{"x":-24,"y":473}},"node:13":{"location":{"x":481,"y":477}},"node:16":{"location":{"x":1023,"y":473}},"node:19":{"location":{"x":-144,"y":-128}},"node:4":{"location":{"x":481,"y":0}},"node:7":{"location":{"x":962,"y":0}}},"selection":null,"view":{"scroll":{"x":-319.52838134765625,"y":-116.1275634765625},"visible_rect":{"max":{"x":1731.83349609375,"y":911.98577880859375},"min":{"x":-437.629364013671875,"y":-159.049514770507812}},"zoom":0.730134665966033936}}