{"nodes":{"node:1":{"location":{"x":28,"y":-37}},"node:10":{"location":{"x":26,"y":516}},"node:13":{"location":{"x":522,"y":513}},"node:16":{"location":{"x":1016,"y":513}},"node:19":{"location":{"x":1512,"y":513}},"node:22":{"location":{"x":-240,"y":-32}},"node:23":{"location":{"x":-272,"y":160}},"node:4":{"location":{"x":680,"y":-31}},"node:7":{"location":{"x":1224,"y":-28}}},"selection":["node:1"],"view":{"scroll":{"x":-196.440643310546875,"y":-59.3383026123046875},"visible_rect":{"max":{"x":2301.574462890625,"y":1354.6142578125},"min":{"x":-325.840301513671875,"y":-98.4257125854492188}},"zoom":0.60287398099899292}}