{"nodes":{"node:1":{"location":{"x":37,"y":22}},"node:14":{"location":{"x":1047,"y":72}},"node:5":{"location":{"x":485,"y":13}}},"selection":null,"view":{"scroll":{"x":-52.6661720275878906,"y":-0.000626740860752761364},"visible_rect":{"max":{"x":1640.4183349609375,"y":782.0008544921875},"min":{"x":-56.4178428649902344,"y":-0.00067138671875}},"zoom":0.933502018451690674}}