{"nodes":{"node:1":{"location":{"x":424,"y":2}}},"selection":null,"view":{"scroll":{"x":17.0230388641357422,"y":-2.87294387817382812e-05},"visible_rect":{"max":{"x":1568.5570068359375,"y":782.00006103515625},"min":{"x":15.4431753158569336,"y":-2.60631350101903081e-05}},"zoom":1.10230171680450439}}