{"nodes":{"node:1":{"location":{"x":424,"y":2}}},"selection":null,"view":{"scroll":{"x":-5.7220895541831851e-06,"y":0},"visible_rect":{"max":{"x":1584.0003662109375,"y":782.00018310546875},"min":{"x":-5.72209091842523776e-06,"y":0}},"zoom":0.999999761581420898}}