{"nodes":{"node:1":{"location":{"x":-727,"y":-916}},"node:14":{"location":{"x":152,"y":-1013}},"node:5":{"location":{"x":-304,"y":-963}}},"selection":["node:5"],"view":{"scroll":{"x":-783.52667236328125,"y":-896.9722900390625},"visible_rect":{"max":{"x":1015.50640869140625,"y":32.8424415588378906},"min":{"x":-856.9727783203125,"y":-981.05255126953125}},"zoom":0.914295852184295654}}