{"nodes":{"node:1":{"location":{"x":-344,"y":-170}},"node:14":{"location":{"x":730,"y":-142}},"node:26":{"location":{"x":1272,"y":-171}},"node:5":{"location":{"x":280,"y":-113}}},"selection":null,"view":{"scroll":{"x":-282.51617431640625,"y":-136.888290405273438},"visible_rect":{"max":{"x":2082.633544921875,"y":1129.270263671875},"min":{"x":-411.6014404296875,"y":-199.434310913085938}},"zoom":0.686382830142974854}}
