{"nodes":{"node:1":{"location":{"x":452,"y":159}}},"selection":null,"view":{"scroll":{"x":209.243438720703125,"y":9.34876060485839844},"visible_rect":{"max":{"x":1365.2347412109375,"y":668.657470703125},"min":{"x":169.109085083007812,"y":7.55560302734375}},"zoom":1.2373281717300415}}