{"nodes":{"node:1":{"location":{"x":72,"y":17}}},"selection":null,"view":{"scroll":{"x":-14.9412002563476562,"y":-9.41506004333496094},"visible_rect":{"max":{"x":1614.573974609375,"y":794.99603271484375},"min":{"x":-15.3746128082275391,"y":-9.68817138671875}},"zoom":0.971809804439544678}}