{"nodes":{"node:1":{"location":{"x":452,"y":159}}},"selection":null,"view":{"scroll":{"x":258.72283935546875,"y":72.0725631713867188},"visible_rect":{"max":{"x":1345.440673828125,"y":623.5902099609375},"min":{"x":188.9031982421875,"y":52.6228675842285156}},"zoom":1.3696054220199585}}