{"nodes":{"node:1":{"location":{"x":28,"y":-37}},"node:10":{"location":{"x":26,"y":516}},"node:13":{"location":{"x":522,"y":513}},"node:16":{"location":{"x":1016,"y":513}},"node:19":{"location":{"x":1512,"y":513}},"node:22":{"location":{"x":-240,"y":-32}},"node:23":{"location":{"x":-272,"y":160}},"node:4":{"location":{"x":680,"y":-31}},"node:7":{"location":{"x":1224,"y":-28}}},"selection":null,"view":{"scroll":{"x":-217.925750732421875,"y":-74.9811019897460938},"visible_rect":{"max":{"x":2079.66943359375,"y":1219.446533203125},"min":{"x":-331.763458251953125,"y":-114.14892578125}},"zoom":0.656870841979980469}}