{"nodes":{"node:1":{"location":{"x":28,"y":-37}},"node:10":{"location":{"x":26,"y":516}},"node:13":{"location":{"x":522,"y":513}},"node:16":{"location":{"x":1016,"y":497}},"node:19":{"location":{"x":1512,"y":513}},"node:22":{"location":{"x":-240,"y":-32}},"node:23":{"location":{"x":-272,"y":160}},"node:4":{"location":{"x":680,"y":-31}},"node:7":{"location":{"x":1224,"y":-28}}},"selection":null,"view":{"scroll":{"x":-188.686004638671875,"y":-59.8499412536621094},"visible_rect":{"max":{"x":2025.32958984375,"y":1184.66015625},"min":{"x":-273.881988525390625,"y":-86.87353515625}},"zoom":0.688931822776794434}}