{"nodes":{"node:1":{"location":{"x":456,"y":113}}},"selection":null,"view":{"scroll":{"x":581.234375,"y":94.161529541015625},"visible_rect":{"max":{"x":1134.4293212890625,"y":505.153564453125},"min":{"x":287.528106689453125,"y":46.580322265625}},"zoom":2.02148723602294922}}