{"nodes":{"node:1":{"location":{"x":-232,"y":-132}},"node:10":{"location":{"x":1464,"y":-117}},"node:13":{"location":{"x":391,"y":381}},"node:16":{"location":{"x":935,"y":377}},"node:19":{"location":{"x":1479,"y":357}},"node:22":{"location":{"x":-192,"y":480}},"node:23":{"location":{"x":-192,"y":624}},"node:4":{"location":{"x":392,"y":-118}},"node:7":{"location":{"x":931,"y":-131}}},"selection":["node:1"],"view":{"scroll":{"x":-200.762588500976562,"y":-155.130416870117188},"visible_rect":{"max":{"x":2033.6971435546875,"y":1038.7176513671875},"min":{"x":-270.169525146484375,"y":-208.761550903320312}},"zoom":0.743098556995391846}}