{"nodes":{"node:1":{"location":{"x":443,"y":75}}},"selection":["node:1"],"view":{"scroll":{"x":366.639495849609375,"y":51.5058708190917969},"visible_rect":{"max":{"x":1291.160888671875,"y":615.97808837890625},"min":{"x":242.18817138671875,"y":34.0228309631347656}},"zoom":1.51386213302612305}}