{"nodes":{"node:1":{"location":{"x":443,"y":75}}},"selection":null,"view":{"scroll":{"x":238.21575927734375,"y":45.7179985046386719},"visible_rect":{"max":{"x":1356.0718994140625,"y":615.9781494140625},"min":{"x":177.27740478515625,"y":34.0228042602539062}},"zoom":1.34374570846557617}}