{"nodes":{"node:1":{"location":{"x":-232,"y":-132}},"node:10":{"location":{"x":1464,"y":-117}},"node:13":{"location":{"x":391,"y":381}},"node:16":{"location":{"x":935,"y":377}},"node:19":{"location":{"x":1479,"y":357}},"node:22":{"location":{"x":-192,"y":480}},"node:23":{"location":{"x":-192,"y":624}},"node:4":{"location":{"x":392,"y":-118}},"node:7":{"location":{"x":931,"y":-131}}},"selection":["node:1"],"view":{"scroll":{"x":-192.303970336914062,"y":-151.241836547851562},"visible_rect":{"max":{"x":2073.12744140625,"y":1073.447998046875},"min":{"x":-309.5999755859375,"y":-243.491943359375}},"zoom":0.621136903762817383}}