{"nodes":{"node:1":{"location":{"x":0,"y":0}},"node:10":{"location":{"x":445,"y":437}},"node:13":{"location":{"x":904,"y":437}},"node:16":{"location":{"x":1352,"y":437}},"node:19":{"location":{"x":1336,"y":-5}},"node:22":{"location":{"x":-256,"y":0}},"node:23":{"location":{"x":-256,"y":176}},"node:4":{"location":{"x":456,"y":-5}},"node:7":{"location":{"x":899,"y":0}}},"selection":null,"view":{"scroll":{"x":-190.438934326171875,"y":-102.701881408691406},"visible_rect":{"max":{"x":1852.399169921875,"y":1027.4951171875},"min":{"x":-273.557373046875,"y":-147.52685546875}},"zoom":0.696157217025756836}}