{"nodes":{"node:1":{"location":{"x":0,"y":0}},"node:10":{"location":{"x":0,"y":452}},"node:13":{"location":{"x":418,"y":452}},"node:16":{"location":{"x":899,"y":437}},"node:19":{"location":{"x":1336,"y":-5}},"node:22":{"location":{"x":-240,"y":16}},"node:23":{"location":{"x":-256,"y":176}},"node:4":{"location":{"x":481,"y":0}},"node:7":{"location":{"x":899,"y":0}}},"selection":null,"view":{"scroll":{"x":-190.4388427734375,"y":-102.701797485351562},"visible_rect":{"max":{"x":1852.3990478515625,"y":1027.4951171875},"min":{"x":-273.55718994140625,"y":-147.526702880859375}},"zoom":0.696157336235046387}}