{"nodes":{"node:1":{"location":{"x":0,"y":0}},"node:10":{"location":{"x":1352,"y":453}},"node:13":{"location":{"x":440,"y":452}},"node:16":{"location":{"x":880,"y":452}},"node:19":{"location":{"x":1368,"y":-5}},"node:22":{"location":{"x":-256,"y":432}},"node:23":{"location":{"x":-256,"y":176}},"node:4":{"location":{"x":481,"y":0}},"node:7":{"location":{"x":921,"y":0}}},"selection":null,"view":{"scroll":{"x":-252.61376953125,"y":-51.1268577575683594},"visible_rect":{"max":{"x":2053.5361328125,"y":1283.05322265625},"min":{"x":-422.6473388671875,"y":-85.540191650390625}},"zoom":0.597693979740142822}}