{"nodes":{"node:1":{"location":{"x":-296,"y":8}},"node:10":{"location":{"x":307,"y":447}},"node:13":{"location":{"x":739,"y":453}},"node:16":{"location":{"x":1203,"y":447}},"node:19":{"location":{"x":291,"y":-5}},"node:22":{"location":{"x":-288,"y":528}},"node:23":{"location":{"x":-560,"y":0}},"node:4":{"location":{"x":728,"y":-1}},"node:7":{"location":{"x":1187,"y":-1}}},"selection":null,"view":{"scroll":{"x":-449.6746826171875,"y":-89.0614242553710938},"visible_rect":{"max":{"x":1757.0096435546875,"y":1243.05615234375},"min":{"x":-766.82843017578125,"y":-151.8760986328125}},"zoom":0.586408436298370361}}