{"nodes":{"node:1":{"location":{"x":-296,"y":8}},"node:10":{"location":{"x":203,"y":451}},"node:13":{"location":{"x":715,"y":453}},"node:16":{"location":{"x":1203,"y":447}},"node:19":{"location":{"x":235,"y":-5}},"node:22":{"location":{"x":-288,"y":528}},"node:23":{"location":{"x":-560,"y":0}},"node:4":{"location":{"x":728,"y":-1}},"node:7":{"location":{"x":1187,"y":-1}}},"selection":null,"view":{"scroll":{"x":-377.820220947265625,"y":-100.357170104980469},"visible_rect":{"max":{"x":1809.2406005859375,"y":1178.018798828125},"min":{"x":-620.1961669921875,"y":-164.7374267578125}},"zoom":0.609194695949554443}}