{"nodes":{"node:1":{"location":{"x":0,"y":0}},"node:10":{"location":{"x":488,"y":605}},"node:13":{"location":{"x":-8,"y":616}},"node:16":{"location":{"x":1473,"y":569}},"node:19":{"location":{"x":977,"y":565}},"node:22":{"location":{"x":-256,"y":16}},"node:23":{"location":{"x":-256,"y":208}},"node:4":{"location":{"x":776,"y":54}},"node:7":{"location":{"x":1304,"y":45}}},"selection":["node:1"],"view":{"scroll":{"x":-243.381759643554688,"y":-49.4481086730957031},"visible_rect":{"max":{"x":1989.22021484375,"y":1180.5032958984375},"min":{"x":-329.65673828125,"y":-66.9766845703125}},"zoom":0.738288402557373047}}