{"nodes":{"node:1":{"location":{"x":0,"y":0}},"node:10":{"location":{"x":488,"y":605}},"node:13":{"location":{"x":-8,"y":616}},"node:16":{"location":{"x":1473,"y":569}},"node:19":{"location":{"x":977,"y":565}},"node:22":{"location":{"x":-256,"y":16}},"node:23":{"location":{"x":-272,"y":176}},"node:4":{"location":{"x":776,"y":54}},"node:7":{"location":{"x":1304,"y":45}}},"selection":null,"view":{"scroll":{"x":-251.627487182617188,"y":-54.3181037902832031},"visible_rect":{"max":{"x":1996.9844970703125,"y":1185.14306640625},"min":{"x":-344.087677001953125,"y":-74.2772216796875}},"zoom":0.7312888503074646}}