{"nodes":{"node:1":{"location":{"x":440,"y":97}}},"selection":["node:1"],"view":{"scroll":{"x":117.333694458007812,"y":5.45038175582885742},"visible_rect":{"max":{"x":1431.7703857421875,"y":735.94036865234375},"min":{"x":94.9481201171875,"y":4.41052770614624023}},"zoom":1.23576641082763672}}