{"nodes":{"node:1":{"location":{"x":0,"y":0}},"node:10":{"location":{"x":488,"y":605}},"node:13":{"location":{"x":-8,"y":616}},"node:16":{"location":{"x":1473,"y":569}},"node:19":{"location":{"x":977,"y":565}},"node:22":{"location":{"x":-256,"y":16}},"node:23":{"location":{"x":-256,"y":208}},"node:4":{"location":{"x":776,"y":54}},"node:7":{"location":{"x":1304,"y":45}}},"selection":["node:1"],"view":{"scroll":{"x":-227.928329467773438,"y":-65.4123458862304688},"visible_rect":{"max":{"x":2028.90771484375,"y":1219.5235595703125},"min":{"x":-369.344329833984375,"y":-105.996818542480469}},"zoom":0.617116093635559082}}