{"nodes":{"node:1":{"location":{"x":28,"y":11}},"node:4":{"location":{"x":760,"y":38}}},"selection":null,"view":{"scroll":{"x":-8.48883533477783203,"y":-90.4285812377929688},"visible_rect":{"max":{"x":1261.62548828125,"y":617.34552001953125},"min":{"x":-6.28685712814331055,"y":-66.9716796875}},"zoom":1.35025107860565186}}