{"nodes":{"node:1":{"location":{"x":200,"y":-2}}},"selection":null,"view":{"scroll":{"x":61.6148109436035156,"y":-36.4901199340820312},"visible_rect":{"max":{"x":1070.7969970703125,"y":546.2667236328125},"min":{"x":40.0925827026367188,"y":-23.7440185546875}},"zoom":1.53681313991546631}}