{"nodes":{"node:1":{"location":{"x":0,"y":0}},"node:3":{"location":{"x":530,"y":0}},"node:7":{"location":{"x":863,"y":0}}},"selection":null,"view":{"scroll":{"x":-110.269149780273438,"y":-47.6158065795898438},"visible_rect":{"max":{"x":1605.72705078125,"y":800.16009521484375},"min":{"x":-120.145515441894531,"y":-51.8805618286132812}},"zoom":0.917796611785888672}}