{"nodes":{"node:1":{"location":{"x":-360,"y":-108}}},"selection":["node:1"],"view":{"scroll":{"x":-721.94122314453125,"y":-152.279434204101562},"visible_rect":{"max":{"x":850.53900146484375,"y":578.88018798828125},"min":{"x":-712.29388427734375,"y":-150.244522094726562}},"zoom":1.01354408264160156}}