{"nodes":{"node:1":{"location":{"x":152,"y":59}}},"selection":["node:1"],"view":{"scroll":{"x":82.8542556762695312,"y":-0.000216905129491351545},"visible_rect":{"max":{"x":1514.1065673828125,"y":782.000244140625},"min":{"x":69.89434814453125,"y":-0.000182977237273007631}},"zoom":1.18542134761810303}}