{"nodes":{"node:1":{"location":{"x":152,"y":59}}},"selection":["node:1"],"view":{"scroll":{"x":82.85418701171875,"y":-0.000144704783451743424},"visible_rect":{"max":{"x":1514.1063232421875,"y":782.00018310546875},"min":{"x":69.8942794799804688,"y":-0.0001220703125}},"zoom":1.18542158603668213}}