{"nodes":{"node:1":{"location":{"x":152,"y":59}}},"selection":["node:1"],"view":{"scroll":{"x":88.4604568481445312,"y":-0.000191534782061353326},"visible_rect":{"max":{"x":1499.43359375,"y":782.00018310546875},"min":{"x":84.5673751831054688,"y":-0.00018310546875}},"zoom":1.0460352897644043}}