{"nodes":{"node:1":{"location":{"x":-72,"y":246}},"node:12":{"location":{"x":490,"y":427}},"node:15":{"location":{"x":1008,"y":45}},"node:22":{"location":{"x":33,"y":-21}},"node:24":{"location":{"x":14,"y":88}},"node:6":{"location":{"x":504,"y":-72}}},"selection":["node:15"],"view":{"scroll":{"x":-215.784027099609375,"y":-87.2866973876953125},"visible_rect":{"max":{"x":1965.387451171875,"y":936.16009521484375},"min":{"x":-309.965118408203125,"y":-125.38385009765625}},"zoom":0.696155846118927002}}