{"nodes":{"node:1":{"location":{"x":-72,"y":246}},"node:12":{"location":{"x":1240,"y":-24}},"node:15":{"location":{"x":838,"y":-30}},"node:22":{"location":{"x":33,"y":-21}},"node:24":{"location":{"x":14,"y":88}},"node:6":{"location":{"x":319,"y":-24}}},"selection":null,"view":{"scroll":{"x":-129.030975341796875,"y":-98.7698745727539062},"visible_rect":{"max":{"x":1777.3768310546875,"y":782.0992431640625},"min":{"x":-157.623062133789062,"y":-120.656379699707031}},"zoom":0.818604707717895508}}