{"nodes":{"node:1":{"location":{"x":112,"y":-1193}}},"selection":null,"view":{"scroll":{"x":-527.44622802734375,"y":-402.432586669921875},"visible_rect":{"max":{"x":9513.9248046875,"y":3417.8818359375},"min":{"x":-4749.48291015625,"y":-3623.775390625}},"zoom":0.111053399741649628}}