{"nodes":{"node:1":{"location":{"x":-184,"y":-424}},"node:11":{"location":{"x":616,"y":-431}},"node:3":{"location":{"x":-254,"y":-213}},"node:5":{"location":{"x":216,"y":-427}},"node:8":{"location":{"x":218,"y":-95}}},"selection":["node:3"],"view":{"scroll":{"x":-330.404632568359375,"y":-414.039459228515625},"visible_rect":{"max":{"x":1537.322998046875,"y":566.5166015625},"min":{"x":-405.18548583984375,"y":-507.749481201171875}},"zoom":0.81544041633605957}}