{"nodes":{"node:1":{"location":{"x":-168,"y":-440}},"node:11":{"location":{"x":568,"y":-437}},"node:3":{"location":{"x":-230,"y":-300}},"node:5":{"location":{"x":206,"y":-357}},"node:8":{"location":{"x":184,"y":-79}}},"selection":["node:8"],"view":{"scroll":{"x":-327.243072509765625,"y":-416.875335693359375},"visible_rect":{"max":{"x":1530.7159423828125,"y":566.51666259765625},"min":{"x":-398.578399658203125,"y":-507.74951171875}},"zoom":0.821025550365447998}}