{"nodes":{"node:1":{"location":{"x":-168,"y":-440}},"node:11":{"location":{"x":568,"y":-437}},"node:3":{"location":{"x":-184,"y":-316}},"node:5":{"location":{"x":237,"y":-341}},"node:8":{"location":{"x":232,"y":56}}},"selection":["node:3"],"view":{"scroll":{"x":-330.404388427734375,"y":-414.03936767578125},"visible_rect":{"max":{"x":1537.322998046875,"y":566.5166015625},"min":{"x":-405.185089111328125,"y":-507.749267578125}},"zoom":0.815440595149993896}}