{"nodes":{"node:1":{"location":{"x":-184,"y":-424}},"node:11":{"location":{"x":568,"y":-437}},"node:3":{"location":{"x":-230,"y":-300}},"node:5":{"location":{"x":190,"y":-344}},"node:8":{"location":{"x":184,"y":-111}}},"selection":["node:8"],"view":{"scroll":{"x":-330.404632568359375,"y":-414.039459228515625},"visible_rect":{"max":{"x":1537.322998046875,"y":566.5166015625},"min":{"x":-405.18548583984375,"y":-507.749481201171875}},"zoom":0.81544041633605957}}