{"nodes":{"node:1":{"location":{"x":-216,"y":-376}},"node:11":{"location":{"x":568,"y":-431}},"node:3":{"location":{"x":-254,"y":-216}},"node:5":{"location":{"x":162,"y":-408}},"node:8":{"location":{"x":236,"y":-143}}},"selection":["node:5"],"view":{"scroll":{"x":-321.526123046875,"y":-454.27606201171875},"visible_rect":{"max":{"x":1236.1685791015625,"y":388.11761474609375},"min":{"x":-343.0897216796875,"y":-484.74273681640625}},"zoom":0.937148749828338623}}