{"nodes":{"node:1":{"location":{"x":0,"y":0}},"node:3":{"location":{"x":577,"y":0}}},"selection":null,"view":{"scroll":{"x":-67.6553497314453125,"y":-40.9389686584472656},"visible_rect":{"max":{"x":1538.847412109375,"y":846.661865234375},"min":{"x":-73.7151947021484375,"y":-44.6058464050292969}},"zoom":0.917793810367584229}}