{"nodes":{"node:1":{"location":{"x":-216,"y":-376}},"node:11":{"location":{"x":568,"y":-431}},"node:3":{"location":{"x":-254,"y":-216}},"node:5":{"location":{"x":162,"y":-408}},"node:8":{"location":{"x":236,"y":-143}}},"selection":["node:5"],"view":{"scroll":{"x":-338.2208251953125,"y":-519.5201416015625},"visible_rect":{"max":{"x":1184.76513671875,"y":351.415985107421875},"min":{"x":-291.686065673828125,"y":-448.040985107421875}},"zoom":1.15953707695007324}}