{"nodes":{"node:1":{"location":{"x":-216,"y":-376}},"node:11":{"location":{"x":568,"y":-431}},"node:3":{"location":{"x":-254,"y":-213}},"node:5":{"location":{"x":162,"y":-408}},"node:8":{"location":{"x":188,"y":-127}}},"selection":["node:5"],"view":{"scroll":{"x":-338.22076416015625,"y":-519.52001953125},"visible_rect":{"max":{"x":1184.7652587890625,"y":351.41607666015625},"min":{"x":-291.68603515625,"y":-448.040863037109375}},"zoom":1.15953707695007324}}