{"nodes":{"node:1":{"location":{"x":-72,"y":-5}},"node:4":{"location":{"x":392,"y":-14}},"node:8":{"location":{"x":-80,"y":160}}},"selection":null,"view":{"scroll":{"x":-232.879180908203125,"y":-6.43145942687988281},"visible_rect":{"max":{"x":1576.4788818359375,"y":1025.8995361328125},"min":{"x":-294.38134765625,"y":-8.12997341156005859}},"zoom":0.791079938411712646}}