{"nodes":{"node:1":{"location":{"x":-72,"y":-5}},"node:4":{"location":{"x":392,"y":32}},"node:8":{"location":{"x":-80,"y":160}}},"selection":["node:4"],"view":{"scroll":{"x":-115.7869873046875,"y":9.59589958190917969},"visible_rect":{"max":{"x":1444.9342041015625,"y":1016.67095947265625},"min":{"x":-142.240036010742188,"y":11.7882080078125}},"zoom":0.814025282859802246}}