{"nodes":{"node:1":{"location":{"x":-72,"y":-5}},"node:4":{"location":{"x":194,"y":3}},"node:8":{"location":{"x":-80,"y":160}}},"selection":["node:4"],"view":{"scroll":{"x":-79.6093368530273438,"y":-5.44690192327834666e-05},"visible_rect":{"max":{"x":1569.205078125,"y":818.00006103515625},"min":{"x":-89.2060928344726562,"y":-6.103515625e-05}},"zoom":0.892420411109924316}}