{"nodes":{"node:1":{"location":{"x":-72,"y":10}},"node:4":{"location":{"x":424,"y":59}},"node:8":{"location":{"x":-80,"y":160}}},"selection":null,"view":{"scroll":{"x":-235.9951171875,"y":38.6593704223632812},"visible_rect":{"max":{"x":1649.2991943359375,"y":1135.75732421875},"min":{"x":-312.881866455078125,"y":51.2545166015625}},"zoom":0.754262685775756836}}