{"nodes":{"node:1":{"location":{"x":-200,"y":-241}},"node:13":{"location":{"x":296,"y":-197}},"node:17":{"location":{"x":1144,"y":-197}},"node:5":{"location":{"x":-280,"y":358}}},"selection":["node:13"],"view":{"scroll":{"x":-236.3258056640625,"y":-236.030120849609375},"visible_rect":{"max":{"x":2122.859130859375,"y":994.00775146484375},"min":{"x":-339.970977783203125,"y":-339.54559326171875}},"zoom":0.695135235786437988}}