{"nodes":{"node:1":{"location":{"x":-88,"y":-39}},"node:14":{"location":{"x":264,"y":150}},"node:22":{"location":{"x":744,"y":224}},"node:5":{"location":{"x":1128,"y":-88}}},"selection":null,"view":{"scroll":{"x":-110.039962768554688,"y":-113.09246826171875},"visible_rect":{"max":{"x":1766.5777587890625,"y":801.7022705078125},"min":{"x":-131.885635375976562,"y":-135.54412841796875}},"zoom":0.834359049797058105}}