{"nodes":{"node:1":{"location":{"x":0,"y":0}},"node:13":{"location":{"x":1016,"y":-1}},"node:5":{"location":{"x":424,"y":-14}}},"selection":null,"view":{"scroll":{"x":-98.1767578125,"y":-42.709747314453125},"visible_rect":{"max":{"x":1910.679931640625,"y":1072.0123291015625},"min":{"x":-135.7513427734375,"y":-59.0557861328125}},"zoom":0.72321021556854248}}