{"nodes":{"node:1":{"location":{"x":-88,"y":-39}},"node:14":{"location":{"x":328,"y":152}},"node:22":{"location":{"x":683,"y":248}},"node:5":{"location":{"x":1128,"y":-88}}},"selection":null,"view":{"scroll":{"x":-110.039901733398438,"y":-113.092453002929688},"visible_rect":{"max":{"x":1766.5777587890625,"y":801.7022705078125},"min":{"x":-131.88555908203125,"y":-135.544113159179688}},"zoom":0.83435899019241333}}
