{"nodes":{"node:1":{"location":{"x":-200,"y":-241}},"node:13":{"location":{"x":296,"y":-197}},"node:17":{"location":{"x":1144,"y":-197}},"node:5":{"location":{"x":-280,"y":358}}},"selection":["node:13"],"view":{"scroll":{"x":-236.325851440429688,"y":-254.530166625976562},"visible_rect":{"max":{"x":2122.859130859375,"y":1020.62127685546875},"min":{"x":-339.971038818359375,"y":-366.1591796875}},"zoom":0.695135235786437988}}