{"nodes":{"node:1":{"location":{"x":-56,"y":-5}},"node:14":{"location":{"x":752,"y":-85}},"node:22":{"location":{"x":1272,"y":64}},"node:5":{"location":{"x":353,"y":187}}},"selection":null,"view":{"scroll":{"x":-110.039962768554688,"y":-113.09246826171875},"visible_rect":{"max":{"x":1766.5777587890625,"y":801.7022705078125},"min":{"x":-131.885635375976562,"y":-135.54412841796875}},"zoom":0.834359049797058105}}