{"nodes":{"node:1":{"location":{"x":-50,"y":-53}},"node:13":{"location":{"x":568,"y":-53}},"node:17":{"location":{"x":1137,"y":84}},"node:5":{"location":{"x":13,"y":422}}},"selection":null,"view":{"scroll":{"x":-24.1268959045410156,"y":-59.32342529296875},"visible_rect":{"max":{"x":1799.6151123046875,"y":984.8809814453125},"min":{"x":-27.8350391387939453,"y":-68.4410400390625}},"zoom":0.866781473159790039}}