{"nodes":{"node:1":{"location":{"x":-280,"y":-312}},"node:14":{"location":{"x":472,"y":-410}},"node:19":{"location":{"x":824,"y":-376}},"node:5":{"location":{"x":88,"y":-408}}},"selection":null,"view":{"scroll":{"x":-294.53509521484375,"y":-429.7918701171875},"visible_rect":{"max":{"x":1389.2227783203125,"y":480.728515625},"min":{"x":-317.32147216796875,"y":-463.042236328125}},"zoom":0.928191483020782471}}