{"nodes":{"node:1":{"location":{"x":290,"y":-31}}},"selection":["node:1"],"view":{"scroll":{"x":-161.733978271484375,"y":-48.3724288940429688},"visible_rect":{"max":{"x":1597.5638427734375,"y":905.43402099609375},"min":{"x":-166.66839599609375,"y":-49.8482475280761719}},"zoom":0.970393836498260498}}