{"nodes":{"node:1":{"location":{"x":290,"y":-31}}},"selection":null,"view":{"scroll":{"x":-161.7340087890625,"y":-48.3724479675292969},"visible_rect":{"max":{"x":1597.5638427734375,"y":905.43402099609375},"min":{"x":-166.668426513671875,"y":-49.8482666015625}},"zoom":0.970393776893615723}}