{"nodes":{"node:1":{"location":{"x":-440,"y":-304}},"node:5":{"location":{"x":168,"y":-366}}},"selection":null,"view":{"scroll":{"x":-526.33221435546875,"y":-311.39532470703125},"visible_rect":{"max":{"x":1309.149658203125,"y":510.709808349609375},"min":{"x":-651.4783935546875,"y":-385.435882568359375}},"zoom":0.807904362678527832}}