{"nodes":{"node:1":{"location":{"x":0,"y":0}},"node:13":{"location":{"x":904,"y":-1}},"node:5":{"location":{"x":360,"y":-26}}},"selection":null,"view":{"scroll":{"x":-150.2254638671875,"y":-73.299072265625},"visible_rect":{"max":{"x":1805.43310546875,"y":838.2618408203125},"min":{"x":-189.16644287109375,"y":-92.2994308471679688}},"zoom":0.794144392013549805}}