{"nodes":{"node:1":{"location":{"x":0,"y":0}},"node:13":{"location":{"x":1032,"y":-5}},"node:5":{"location":{"x":456,"y":-30}}},"selection":null,"view":{"scroll":{"x":-150.225372314453125,"y":-73.2990798950195312},"visible_rect":{"max":{"x":1805.4332275390625,"y":838.2618408203125},"min":{"x":-189.16632080078125,"y":-92.2994384765625}},"zoom":0.794144392013549805}}