{"nodes":{"node:1":{"location":{"x":0,"y":0}},"node:13":{"location":{"x":904,"y":-1}},"node:5":{"location":{"x":396,"y":-1}}},"selection":null,"view":{"scroll":{"x":-231.819061279296875,"y":-243.854141235351562},"visible_rect":{"max":{"x":2690.419189453125,"y":985.18621826171875},"min":{"x":-461.247802734375,"y":-485.193878173828125}},"zoom":0.502591133117675781}}
