{"nodes":{"node:1":{"location":{"x":31,"y":47}},"node:5":{"location":{"x":728,"y":24}}},"selection":["node:5"],"view":{"scroll":{"x":-44.5649337768554688,"y":7.92306995391845703},"visible_rect":{"max":{"x":1748.620849609375,"y":870.0003662109375},"min":{"x":-50.6206283569335938,"y":8.99969482421875}},"zoom":0.880370974540710449}}