{"nodes":{"node:1":{"location":{"x":31,"y":47}},"node:5":{"location":{"x":728,"y":24}}},"selection":null,"view":{"scroll":{"x":-89.7271575927734375,"y":-10.9216852188110352},"visible_rect":{"max":{"x":1780.1666259765625,"y":890.01409912109375},"min":{"x":-106.894332885742188,"y":-13.01129150390625}},"zoom":0.839400529861450195}}