{"nodes":{"node:1":{"location":{"x":31,"y":47}},"node:5":{"location":{"x":680,"y":56}}},"selection":["node:5"],"view":{"scroll":{"x":-116.819503784179688,"y":-27.1216526031494141},"visible_rect":{"max":{"x":1815.814453125,"y":904.5509033203125},"min":{"x":-144.578353881835938,"y":-33.56634521484375}},"zoom":0.808001339435577393}}