{"nodes":{"node:1":{"location":{"x":31,"y":47}},"node:5":{"location":{"x":728,"y":24}}},"selection":["node:5"],"view":{"scroll":{"x":-20.898895263671875,"y":8.17415904998779297},"visible_rect":{"max":{"x":1721.010498046875,"y":870.00006103515625},"min":{"x":-23.0101680755615234,"y":8.99993896484375}},"zoom":0.908246099948883057}}