{"nodes":{"node:1":{"location":{"x":40,"y":47}},"node:5":{"location":{"x":536,"y":-21}}},"selection":null,"view":{"scroll":{"x":-86.9157638549804688,"y":-26.631500244140625},"visible_rect":{"max":{"x":1677.734619140625,"y":832.49371337890625},"min":{"x":-89.7317123413085938,"y":-27.49432373046875}},"zoom":0.968618154525756836}}