{"nodes":{"node:1":{"location":{"x":40,"y":47}},"node:5":{"location":{"x":616,"y":50}}},"selection":null,"view":{"scroll":{"x":-70.0025100708007812,"y":-25.0010013580322266},"visible_rect":{"max":{"x":1664.98681640625,"y":832.49371337890625},"min":{"x":-76.9837875366210938,"y":-27.4943256378173828}},"zoom":0.909314990043640137}}