{"nodes":{"node:1":{"location":{"x":31,"y":47}},"node:5":{"location":{"x":621,"y":-63}}},"selection":["node:5"],"view":{"scroll":{"x":-252.856216430664062,"y":-76.3257675170898438},"visible_rect":{"max":{"x":1847.0738525390625,"y":945.8802490234375},"min":{"x":-350.859222412109375,"y":-105.908409118652344}},"zoom":0.720677077770233154}}