{"nodes":{"node:1":{"location":{"x":-296,"y":-62}},"node:5":{"location":{"x":226,"y":-254}}},"selection":null,"view":{"scroll":{"x":-581.0782470703125,"y":-163.015045166015625},"visible_rect":{"max":{"x":1880.371826171875,"y":1113.97705078125},"min":{"x":-966.1527099609375,"y":-271.043426513671875}},"zoom":0.601435184478759766}}