{"nodes":{"node:1":{"location":{"x":8,"y":-30}},"node:5":{"location":{"x":621,"y":-63}}},"selection":null,"view":{"scroll":{"x":-212.708419799804688,"y":-63.9034233093261719},"visible_rect":{"max":{"x":1831.60595703125,"y":927.0904541015625},"min":{"x":-284.110260009765625,"y":-85.3544845581054688}},"zoom":0.748682618141174316}}