{"nodes":{"node:1":{"location":{"x":-248,"y":-129}},"node:11":{"location":{"x":289,"y":-218}},"node:18":{"location":{"x":764,"y":-99}},"node:25":{"location":{"x":1416,"y":-218}},"node:31":{"location":{"x":1480,"y":394}},"node:34":{"location":{"x":392,"y":475}},"node:5":{"location":{"x":-200,"y":511}}},"selection":null,"view":{"scroll":{"x":-168.617462158203125,"y":-159.732772827148438},"visible_rect":{"max":{"x":2086.98779296875,"y":1366.5535888671875},"min":{"x":-305.900482177734375,"y":-289.78216552734375}},"zoom":0.551216721534729004}}