{"nodes":{"node:1":{"location":{"x":-120,"y":-37}},"node:11":{"location":{"x":1121,"y":-69}},"node:18":{"location":{"x":1680,"y":-18}},"node:25":{"location":{"x":-40,"y":719}},"node:31":{"location":{"x":531,"y":720}},"node:34":{"location":{"x":1070,"y":673}},"node:5":{"location":{"x":432,"y":-42}}},"selection":null,"view":{"scroll":{"x":-138.933059692382812,"y":-89.2583084106445312},"visible_rect":{"max":{"x":2315.624755859375,"y":1630.1500244140625},"min":{"x":-272.625946044921875,"y":-175.1500244140625}},"zoom":0.509610593318939209}}