{"nodes":{"node:1":{"location":{"x":0,"y":0}},"node:11":{"location":{"x":0,"y":0}},"node:14":{"location":{"x":0,"y":0}},"node:23":{"location":{"x":1025,"y":50}},"node:27":{"location":{"x":0,"y":0}},"node:30":{"location":{"x":0,"y":0}},"node:34":{"location":{"x":0,"y":0}},"node:37":{"location":{"x":0,"y":0}},"node:5":{"location":{"x":549,"y":0}}},"selection":null,"view":{"scroll":{"x":-400.41644287109375,"y":-508.642333984375},"visible_rect":{"max":{"x":2464.131103515625,"y":647.45001220703125},"min":{"x":-1074.1304931640625,"y":-1364.4500732421875}},"zoom":0.372781932353973389}}