{"nodes":{"node:1":{"location":{"x":-40,"y":17}},"node:11":{"location":{"x":1121,"y":-69}},"node:18":{"location":{"x":1644,"y":-17}},"node:25":{"location":{"x":-40,"y":719}},"node:31":{"location":{"x":568,"y":779}},"node:34":{"location":{"x":1070,"y":673}},"node:5":{"location":{"x":432,"y":-42}}},"selection":null,"view":{"scroll":{"x":-126.934638977050781,"y":-48.5402717590332031},"visible_rect":{"max":{"x":2526.4091796875,"y":1832.0968017578125},"min":{"x":-269.01953125,"y":-102.874053955078125}},"zoom":0.471841722726821899}}