{"nodes":{"node:1":{"location":{"x":-40,"y":17}},"node:11":{"location":{"x":1121,"y":-69}},"node:18":{"location":{"x":1680,"y":-18}},"node:25":{"location":{"x":-40,"y":719}},"node:31":{"location":{"x":504,"y":731}},"node:34":{"location":{"x":1070,"y":673}},"node:5":{"location":{"x":432,"y":-42}}},"selection":null,"view":{"scroll":{"x":-142.893646240234375,"y":-88.5791549682617188},"visible_rect":{"max":{"x":2325.54736328125,"y":1630.1500244140625},"min":{"x":-282.54754638671875,"y":-175.149993896484375}},"zoom":0.505733132362365723}}