{"nodes":{"node:1":{"location":{"x":5,"y":-623}},"node:11":{"location":{"x":-104,"y":120}},"node:20":{"location":{"x":-104,"y":120}},"node:25":{"location":{"x":848,"y":99}},"node:33":{"location":{"x":913,"y":-483}},"node:43":{"location":{"x":-385,"y":-2143}},"node:5":{"location":{"x":-924,"y":-705}}},"selection":null,"view":{"scroll":{"x":-815.03314208984375,"y":-545.39324951171875},"visible_rect":{"max":{"x":3776.87939453125,"y":1080.5},"min":{"x":-3431.879150390625,"y":-2296.5}},"zoom":0.237488895654678345}}