{"nodes":{"node:1":{"location":{"x":0,"y":0}},"node:4":{"location":{"x":488,"y":-1}}},"selection":["node:4"],"view":{"scroll":{"x":-282.936920166015625,"y":-66.5831298828125},"visible_rect":{"max":{"x":1206.519775390625,"y":668.65777587890625},"min":{"x":-285.172088623046875,"y":-67.109130859375}},"zoom":0.992161989212036133}}