{"nodes":{"node:1":{"location":{"x":0,"y":0}},"node:4":{"location":{"x":536,"y":-1}}},"selection":null,"view":{"scroll":{"x":-70.7343597412109375,"y":-70.6411972045898438},"visible_rect":{"max":{"x":962.014892578125,"y":510.173736572265625},"min":{"x":-48.2857933044433594,"y":-48.2221946716308594}},"zoom":1.46491038799285889}}