{"nodes":{"node:1":{"location":{"x":-72,"y":-1}},"node:10":{"location":{"x":920,"y":11}},"node:8":{"location":{"x":936,"y":443}}},"selection":null,"view":{"scroll":{"x":-143.527481079101562,"y":-59.8343544006347656},"visible_rect":{"max":{"x":1527.2490234375,"y":866.3909912109375},"min":{"x":-164.0155029296875,"y":-68.37548828125}},"zoom":0.875084877014160156}}