{"nodes":{"node:1":{"location":{"x":118,"y":42}},"node:4":{"location":{"x":608,"y":11}}},"selection":null,"view":{"scroll":{"x":-8.80792236328125,"y":-13.6417388916015625},"visible_rect":{"max":{"x":1557.7769775390625,"y":851.69757080078125},"min":{"x":-9.32629966735839844,"y":-14.4446029663085938}},"zoom":0.944417655467987061}}