{"nodes":{"node:1":{"location":{"x":-296,"y":-83}},"node:10":{"location":{"x":-360,"y":468}},"node:13":{"location":{"x":136,"y":473}},"node:16":{"location":{"x":632,"y":473}},"node:19":{"location":{"x":1118,"y":467}},"node:22":{"location":{"x":-560,"y":-32}},"node:23":{"location":{"x":-624,"y":128}},"node:4":{"location":{"x":376,"y":-42}},"node:7":{"location":{"x":967,"y":-45}}},"selection":null,"view":{"scroll":{"x":-508.93121337890625,"y":-148.092910766601562},"visible_rect":{"max":{"x":1671.434814453125,"y":1077.97509765625},"min":{"x":-707.06292724609375,"y":-205.746871948242188}},"zoom":0.719782054424285889}}