{"nodes":{"node:1":{"location":{"x":-296,"y":-135}},"node:10":{"location":{"x":-360,"y":468}},"node:13":{"location":{"x":136,"y":473}},"node:16":{"location":{"x":632,"y":473}},"node:19":{"location":{"x":1118,"y":467}},"node:22":{"location":{"x":-560,"y":-32}},"node:23":{"location":{"x":-624,"y":128}},"node:4":{"location":{"x":376,"y":-42}},"node:7":{"location":{"x":967,"y":-45}}},"selection":null,"view":{"scroll":{"x":-498.125885009765625,"y":-150.272872924804688},"visible_rect":{"max":{"x":1623.364013671875,"y":1034.7371826171875},"min":{"x":-666.164306640625,"y":-200.96612548828125}},"zoom":0.747752249240875244}}