{"nodes":{"node:1":{"location":{"x":-229,"y":-602}},"node:10":{"location":{"x":-601,"y":25}},"node:13":{"location":{"x":-25,"y":25}},"node:16":{"location":{"x":536,"y":20}},"node:19":{"location":{"x":1096,"y":20}},"node:22":{"location":{"x":-544,"y":-608}},"node:23":{"location":{"x":-560,"y":-400}},"node:4":{"location":{"x":552,"y":-541}},"node:7":{"location":{"x":1107,"y":-548}}},"selection":null,"view":{"scroll":{"x":-485.219818115234375,"y":-453.091796875},"visible_rect":{"max":{"x":1666.7227783203125,"y":498.0491943359375},"min":{"x":-669.5977783203125,"y":-625.261474609375}},"zoom":0.724643707275390625}}