{"nodes":{"node:1":{"location":{"x":0,"y":0}}},"selection":["node:1"],"view":{"scroll":{"x":-24.4927139282226562,"y":-55.7633056640625},"visible_rect":{"max":{"x":1611.1094970703125,"y":843.7242431640625},"min":{"x":-27.1111278533935547,"y":-61.7247276306152344}},"zoom":0.903419196605682373}}