{"nodes":{"node:1":{"location":{"x":0,"y":0}},"node:11":{"location":{"x":472,"y":369}},"node:3":{"location":{"x":72,"y":106}},"node:5":{"location":{"x":475,"y":27}},"node:8":{"location":{"x":874,"y":-15}}},"selection":["node:3"],"view":{"scroll":{"x":-90.3101348876953125,"y":-56.2427864074707031},"visible_rect":{"max":{"x":1567.9449462890625,"y":860.5093994140625},"min":{"x":-94.7996826171875,"y":-59.03875732421875}},"zoom":0.952641785144805908}}