{"nodes":{"node:1":{"location":{"x":-40,"y":27}}},"selection":["node:1"],"view":{"scroll":{"x":-96.2154312133789062,"y":-0.000268101692199707031},"visible_rect":{"max":{"x":1693.52099609375,"y":782.00067138671875},"min":{"x":-109.520462036132812,"y":-0.00030517578125}},"zoom":0.87851560115814209}}