{"nodes":{"node:1":{"location":{"x":-40,"y":27}}},"selection":["node:1"],"view":{"scroll":{"x":-96.2154693603515625,"y":-0.000268101633992046118},"visible_rect":{"max":{"x":1693.5211181640625,"y":782.000732421875},"min":{"x":-109.520515441894531,"y":-0.000305175752146169543}},"zoom":0.878515481948852539}}