{"nodes":{"node:1":{"location":{"x":-184,"y":-162}}},"selection":null,"view":{"scroll":{"x":-584.86334228515625,"y":-235.8868408203125},"visible_rect":{"max":{"x":980.38458251953125,"y":535.86358642578125},"min":{"x":-573.886474609375,"y":-231.45965576171875}},"zoom":1.0191272497177124}}