{"nodes":{"node:1":{"location":{"x":-8,"y":25}}},"selection":null,"view":{"scroll":{"x":-82.8712921142578125,"y":9.86883258819580078},"visible_rect":{"max":{"x":1474.3985595703125,"y":655.976318359375},"min":{"x":-81.3956298828125,"y":9.69310188293457031}},"zoom":1.01812946796417236}}