{"nodes":{"node:1":{"location":{"x":-8,"y":25}}},"selection":null,"view":{"scroll":{"x":-82.8712692260742188,"y":9.86884593963623047},"visible_rect":{"max":{"x":1474.398681640625,"y":655.976318359375},"min":{"x":-81.3956069946289062,"y":9.693115234375}},"zoom":1.01812946796417236}}