{"nodes":{"node:1":{"location":{"x":-40,"y":24}}},"selection":["node:1"],"view":{"scroll":{"x":-131.741241455078125,"y":-1.54004788398742676},"visible_rect":{"max":{"x":1283.0361328125,"y":689.517822265625},"min":{"x":-116.3902587890625,"y":-1.360595703125}},"zoom":1.13189232349395752}}