{"nodes":{"node:1":{"location":{"x":72,"y":6}},"node:5":{"location":{"x":664,"y":-14}}},"selection":null,"view":{"scroll":{"x":-23.6060447692871094,"y":-28.2419300079345703},"visible_rect":{"max":{"x":1650.293212890625,"y":873.0994873046875},"min":{"x":-24.3116836547851562,"y":-29.0861473083496094}},"zoom":0.970975339412689209}}