{"nodes":{"node:1":{"location":{"x":72,"y":6}},"node:5":{"location":{"x":856,"y":-14}}},"selection":["node:1"],"view":{"scroll":{"x":-45.2671012878417969,"y":-48.37860107421875},"visible_rect":{"max":{"x":1678.954345703125,"y":900.62701416015625},"min":{"x":-52.9725074768066406,"y":-56.6136474609375}},"zoom":0.854539573192596436}}