{"nodes":{"node:1":{"location":{"x":-568,"y":-145}},"node:10":{"location":{"x":376,"y":305}},"node:8":{"location":{"x":376,"y":-143}}},"selection":["node:1"],"view":{"scroll":{"x":-559.538818359375,"y":-114.521736145019531},"visible_rect":{"max":{"x":1749.168701171875,"y":1049.8076171875},"min":{"x":-850.7264404296875,"y":-174.119583129882812}},"zoom":0.657718837261199951}}