{"nodes":{"node:1":{"location":{"x":-456,"y":-141}},"node:10":{"location":{"x":600,"y":-127}},"node:8":{"location":{"x":600,"y":321}}},"selection":null,"view":{"scroll":{"x":-521.0362548828125,"y":-175.8616943359375},"visible_rect":{"max":{"x":1213.628173828125,"y":766.72027587890625},"min":{"x":-531.8448486328125,"y":-179.509841918945312}},"zoom":0.979677140712738037}}