{"nodes":{"node:1":{"location":{"x":-452,"y":-183}},"node:10":{"location":{"x":600,"y":-127}},"node:8":{"location":{"x":600,"y":321}}},"selection":["node:1"],"view":{"scroll":{"x":-460.521881103515625,"y":-168.289337158203125},"visible_rect":{"max":{"x":1243.501953125,"y":792.48046875},"min":{"x":-561.7186279296875,"y":-205.26983642578125}},"zoom":0.819844424724578857}}