{"nodes":{"node:1":{"location":{"x":56,"y":12}}},"selection":["node:1"],"view":{"scroll":{"x":-0.000271797238383442163,"y":0},"visible_rect":{"max":{"x":1583.99951171875,"y":781.9998779296875},"min":{"x":-0.000271797209279611707,"y":0}},"zoom":1.00000011920928955}}