{"nodes":{"node:1":{"location":{"x":275,"y":-49}}},"selection":["node:1"],"view":{"scroll":{"x":-87.670501708984375,"y":-73.1724319458007812},"visible_rect":{"max":{"x":1430.0504150390625,"y":777.24664306640625},"min":{"x":-99.7932815551757812,"y":-83.29046630859375}},"zoom":0.878521084785461426}}